suite,mode,backend,kernel,n,block_size,divergence_degree,iterations,elapsed_ms,threads_launched,elements_per_thread,useful_ops,throughput_gops,gflops_est,slowdown_vs_uniform,resident_blocks_per_sm_est,active_warps_per_sm_est,max_warps_per_sm,occupancy_est,active_warps_measured,max_warps_measured,occupancy_measured
compute,uniform,gpu,uniform,65536,32,1,512,0.10434559881687164,65536,1.0,268435456,2572.561363810935,2572.561363810935,1.0,16,16,32,0.5,,,
compute,divergence-gpu,gpu,divergent,65536,32,2,512,0.1625216007232666,65536,1.0,268435456,1651.6909432677696,1651.6909432677696,1.5575319186053536,16,16,32,0.5,,,
compute,divergence-gpu,gpu,divergent,65536,32,4,512,0.22924160063266755,65536,1.0,268435456,1170.9718273610206,1170.9718273610206,2.196945565811459,16,16,32,0.5,,,
compute,divergence-gpu,gpu,divergent,65536,32,8,512,0.3878399968147278,65536,1.0,268435456,692.1293786216493,692.1293786216493,3.716879305042792,16,16,32,0.5,,,
compute,divergence-gpu,gpu,divergent,65536,32,16,512,0.7754432082176208,65536,1.0,268435456,346.1703618721568,346.1703618721568,7.4314893681192755,16,16,32,0.5,,,
compute,divergence-gpu,gpu,divergent,65536,32,32,512,1.4084480047225951,65536,1.0,268435456,190.58953905286015,190.58953905286015,13.49791482048463,16,16,32,0.5,,,
compute,uniform,gpu,uniform,65536,64,1,512,0.15031680166721345,65536,1.0,268435456,1785.7980812703129,1785.7980812703129,1.0,16,32,32,1.0,,,
compute,divergence-gpu,gpu,divergent,65536,64,2,512,0.18316160142421722,65536,1.0,268435456,1465.5662208274844,1465.5662208274844,1.2185038491553255,16,32,32,1.0,,,
compute,divergence-gpu,gpu,divergent,65536,64,4,512,0.24857600033283234,65536,1.0,268435456,1079.8928924778609,1079.8928924778609,1.653680743441808,16,32,32,1.0,,,
compute,divergence-gpu,gpu,divergent,65536,64,8,512,0.4119871973991394,65536,1.0,268435456,651.5626157672459,651.5626157672459,2.740792731282551,16,32,32,1.0,,,
compute,divergence-gpu,gpu,divergent,65536,64,16,512,0.7320576071739197,65536,1.0,268435456,366.68624623174776,366.68624623174776,4.870098345989445,16,32,32,1.0,,,
compute,divergence-gpu,gpu,divergent,65536,64,32,512,1.3898432016372682,65536,1.0,268435456,193.1408202621538,193.1408202621538,9.24609349202522,16,32,32,1.0,,,
compute,uniform,gpu,uniform,65536,128,1,512,0.10586879849433899,65536,1.0,268435456,2535.548337354124,2535.548337354124,1.0,8,32,32,1.0,,,
compute,divergence-gpu,gpu,divergent,65536,128,2,512,0.1509119987487793,65536,1.0,268435456,1778.7548917621853,1778.7548917621853,1.4254624676490388,8,32,32,1.0,,,
compute,divergence-gpu,gpu,divergent,65536,128,4,512,0.21838080286979675,65536,1.0,268435456,1229.2081193604133,1229.2081193604133,2.062749421695515,8,32,32,1.0,,,
compute,divergence-gpu,gpu,divergent,65536,128,8,512,0.38057599663734437,65536,1.0,268435456,705.3399541006668,705.3399541006668,3.594789041246128,8,32,32,1.0,,,
compute,divergence-gpu,gpu,divergent,65536,128,16,512,0.7033344030380249,65536,1.0,268435456,381.66120531073665,381.66120531073665,6.643453151833338,8,32,32,1.0,,,
compute,divergence-gpu,gpu,divergent,65536,128,32,512,1.3572288036346436,65536,1.0,268435456,197.78202118989282,197.78202118989282,12.81991316551323,8,32,32,1.0,,,
compute,uniform,gpu,uniform,65536,256,1,512,0.0946816012263298,65536,1.0,268435456,2835.13853296929,2835.13853296929,1.0,4,32,32,1.0,,,
compute,divergence-gpu,gpu,divergent,65536,256,2,512,0.14562559723854065,65536,1.0,268435456,1843.3260435683694,1843.3260435683694,1.538055919549066,4,32,32,1.0,,,
compute,divergence-gpu,gpu,divergent,65536,256,4,512,0.22894079685211183,65536,1.0,268435456,1172.5103594070238,1172.5103594070238,2.4180072356913853,4,32,32,1.0,,,
compute,divergence-gpu,gpu,divergent,65536,256,8,512,0.39771519899368285,65536,1.0,268435456,674.9439213769241,674.9439213769241,4.200554213727039,4,32,32,1.0,,,
compute,divergence-gpu,gpu,divergent,65536,256,16,512,0.7527167916297912,65536,1.0,268435456,356.6221173554271,356.6221173554271,7.949979530135679,4,32,32,1.0,,,
compute,divergence-gpu,gpu,divergent,65536,256,32,512,1.4236799955368042,65536,1.0,268435456,188.55041641488074,188.55041641488074,15.036501042410508,4,32,32,1.0,,,
compute,uniform,gpu,uniform,65536,512,1,512,0.09137279987335205,65536,1.0,268435456,2937.804865037155,2937.804865037155,1.0,2,32,32,1.0,,,
compute,divergence-gpu,gpu,divergent,65536,512,2,512,0.14311039745807647,65536,1.0,268435456,1875.722943740946,1875.722943740946,1.5662253718440904,2,32,32,1.0,,,
compute,divergence-gpu,gpu,divergent,65536,512,4,512,0.22442879974842073,65536,1.0,268435456,1196.082928309155,1196.082928309155,2.4561882754987474,2,32,32,1.0,,,
compute,divergence-gpu,gpu,divergent,65536,512,8,512,0.39241600036621094,65536,1.0,268435456,684.0583863794808,684.0583863794808,4.294669758507149,2,32,32,1.0,,,
compute,divergence-gpu,gpu,divergent,65536,512,16,512,0.7182080030441285,65536,1.0,268435456,373.75726093587775,373.75726093587775,7.860194762988614,2,32,32,1.0,,,
compute,divergence-gpu,gpu,divergent,65536,512,32,512,1.3842432022094726,65536,1.0,268435456,193.92217752742746,193.92217752742746,15.14940117987096,2,32,32,1.0,,,
compute,uniform,gpu,uniform,65536,1024,1,512,0.11399039775133132,65536,1.0,268435456,2354.8953358824897,2354.8953358824897,1.0,1,32,32,1.0,,,
compute,divergence-gpu,gpu,divergent,65536,1024,2,512,0.172326397895813,65536,1.0,268435456,1557.7152385108966,1557.7152385108966,1.5117624053891008,1,32,32,1.0,,,
compute,divergence-gpu,gpu,divergent,65536,1024,4,512,0.27980159521102904,65536,1.0,268435456,959.3778612932617,959.3778612932617,2.454606710131961,1,32,32,1.0,,,
compute,divergence-gpu,gpu,divergent,65536,1024,8,512,0.49787519574165345,65536,1.0,268435456,539.1621400221165,539.1621400221165,4.367694170413917,1,32,32,1.0,,,
compute,divergence-gpu,gpu,divergent,65536,1024,16,512,0.9348544001579284,65536,1.0,268435456,287.14145855723865,287.14145855723865,8.201167980809243,1,32,32,1.0,,,
compute,divergence-gpu,gpu,divergent,65536,1024,32,512,1.940608024597168,65536,1.0,268435456,138.32543852111604,138.32543852111604,17.024311370775116,1,32,32,1.0,,,
compute,uniform,gpu,uniform,131072,32,1,512,0.13115519881248475,131072,1.0,536870912,4093.401686406463,4093.401686406463,1.0,16,16,32,0.5,,,
compute,divergence-gpu,gpu,divergent,131072,32,2,512,0.22529919743537902,131072,1.0,536870912,2382.924209723325,2382.924209723325,1.7178060761243164,16,16,32,0.5,,,
compute,divergence-gpu,gpu,divergent,131072,32,4,512,0.37859839797019956,131072,1.0,536870912,1418.0485572003356,1418.0485572003356,2.8866442306376996,16,16,32,0.5,,,
compute,divergence-gpu,gpu,divergent,131072,32,8,512,0.7032512068748474,131072,1.0,536870912,763.4127133400611,763.4127133400611,5.3619773614944535,16,16,32,0.5,,,
compute,divergence-gpu,gpu,divergent,131072,32,16,512,1.5390464305877685,131072,1.0,536870912,348.833473331254,348.833473331254,11.734543842125346,16,16,32,0.5,,,
compute,divergence-gpu,gpu,divergent,131072,32,32,512,2.5997695922851562,131072,1.0,536870912,206.50711262766134,206.50711262766134,19.822085710853898,16,16,32,0.5,,,
compute,uniform,gpu,uniform,131072,64,1,512,0.12608000189065932,131072,1.0,536870912,4258.176585891804,4258.176585891804,1.0,16,32,32,1.0,,,
compute,divergence-gpu,gpu,divergent,131072,64,2,512,0.21720319986343384,131072,1.0,536870912,2471.744948221558,2471.744948221558,1.7227410898343698,16,32,32,1.0,,,
compute,divergence-gpu,gpu,divergent,131072,64,4,512,0.3735040009021759,131072,1.0,536870912,1437.3899896740634,1437.3899896740634,2.9624365109550896,16,32,32,1.0,,,
compute,divergence-gpu,gpu,divergent,131072,64,8,512,0.6862079977989197,131072,1.0,536870912,782.3734403009973,782.3734403009973,5.44263949483457,16,32,32,1.0,,,
compute,divergence-gpu,gpu,divergent,131072,64,16,512,1.3401407957077027,131072,1.0,536870912,400.60784189208175,400.60784189208175,10.629289146663533,16,32,32,1.0,,,
compute,divergence-gpu,gpu,divergent,131072,64,32,512,2.727571153640747,131072,1.0,536870912,196.83112988029208,196.83112988029208,21.633654130225867,16,32,32,1.0,,,
compute,uniform,gpu,uniform,131072,128,1,512,0.12764159888029097,131072,1.0,536870912,4206.08106377221,4206.08106377221,1.0,8,32,32,1.0,,,
compute,divergence-gpu,gpu,divergent,131072,128,2,512,0.21804159879684448,131072,1.0,536870912,2462.2407603065585,2462.2407603065585,1.7082330581062009,8,32,32,1.0,,,
compute,divergence-gpu,gpu,divergent,131072,128,4,512,0.3750463902950287,131072,1.0,536870912,1431.4786807511273,1431.4786807511273,2.9382771258354965,8,32,32,1.0,,,
compute,divergence-gpu,gpu,divergent,131072,128,8,512,0.6989375948905945,131072,1.0,536870912,768.1242444599607,768.1242444599607,5.475782198138202,8,32,32,1.0,,,
compute,divergence-gpu,gpu,divergent,131072,128,16,512,1.3142143726348876,131072,1.0,536870912,408.5109120543399,408.5109120543399,10.296129037583015,8,32,32,1.0,,,
compute,divergence-gpu,gpu,divergent,131072,128,32,512,2.569318389892578,131072,1.0,536870912,208.95460605894243,208.95460605894243,20.12916175002023,8,32,32,1.0,,,
compute,uniform,gpu,uniform,131072,256,1,512,0.12773120105266572,131072,1.0,536870912,4203.130539566751,4203.130539566751,1.0,4,32,32,1.0,,,
compute,divergence-gpu,gpu,divergent,131072,256,2,512,0.21856639981269838,131072,1.0,536870912,2456.328660123763,2456.328660123763,1.7111433855740523,4,32,32,1.0,,,
compute,divergence-gpu,gpu,divergent,131072,256,4,512,0.37300480008125303,131072,1.0,536870912,1439.3136814406985,1439.3136814406985,2.9202324647950104,4,32,32,1.0,,,
compute,divergence-gpu,gpu,divergent,131072,256,8,512,0.6838527917861938,131072,1.0,536870912,785.0679538760329,785.0679538760329,5.35384296202014,4,32,32,1.0,,,
compute,divergence-gpu,gpu,divergent,131072,256,16,512,1.2969151973724364,131072,1.0,536870912,413.95992050035807,413.95992050035807,10.153472187564388,4,32,32,1.0,,,
compute,divergence-gpu,gpu,divergent,131072,256,32,512,2.5252992153167724,131072,1.0,536870912,212.59695039055214,212.59695039055214,19.770417834523837,4,32,32,1.0,,,
compute,uniform,gpu,uniform,131072,512,1,512,0.13220479786396028,131072,1.0,536870912,4060.903391361365,4060.903391361365,1.0,2,32,32,1.0,,,
compute,divergence-gpu,gpu,divergent,131072,512,2,512,0.22902400195598602,131072,1.0,536870912,2344.1687657836674,2344.1687657836674,1.7323425901051899,2,32,32,1.0,,,
compute,divergence-gpu,gpu,divergent,131072,512,4,512,0.3939072132110596,131072,1.0,536870912,1362.937498969685,1362.937498969685,2.9795228280322554,2,32,32,1.0,,,
compute,divergence-gpu,gpu,divergent,131072,512,8,512,0.6345152020454407,131072,1.0,536870912,846.1119769381854,846.1119769381854,4.799486949772893,2,32,32,1.0,,,
compute,divergence-gpu,gpu,divergent,131072,512,16,512,1.2040832042694092,131072,1.0,536870912,445.87526019495664,445.87526019495664,9.107711851035996,2,32,32,1.0,,,
compute,divergence-gpu,gpu,divergent,131072,512,32,512,2.344000005722046,131072,1.0,536870912,229.04049090845555,229.04049090845555,17.730067619285947,2,32,32,1.0,,,
compute,uniform,gpu,uniform,131072,1024,1,512,0.1208191990852356,131072,1.0,536870912,4443.589396923978,4443.589396923978,1.0,1,32,32,1.0,,,
compute,divergence-gpu,gpu,divergent,131072,1024,2,512,0.20696960091590882,131072,1.0,536870912,2593.960222294332,2593.960222294332,1.713052250660061,1,32,32,1.0,,,
compute,divergence-gpu,gpu,divergent,131072,1024,4,512,0.3493759989738464,131072,1.0,536870912,1536.6565350134115,1536.6565350134115,2.8917258318139356,1,32,32,1.0,,,
compute,divergence-gpu,gpu,divergent,131072,1024,8,512,0.6746431946754455,131072,1.0,536870912,795.7849663899382,795.7849663899382,5.58390719176592,1,32,32,1.0,,,
compute,divergence-gpu,gpu,divergent,131072,1024,16,512,1.2120575904846191,131072,1.0,536870912,442.9417514602932,442.9417514602932,10.031994911914092,1,32,32,1.0,,,
compute,divergence-gpu,gpu,divergent,131072,1024,32,512,2.3533440113067625,131072,1.0,536870912,228.1310804627696,228.1310804627696,19.478228866974394,1,32,32,1.0,,,
compute,uniform,gpu,uniform,262144,32,1,512,0.1862720012664795,262144,1.0,1073741824,5764.375841240423,5764.375841240423,1.0,16,16,32,0.5,,,
compute,divergence-gpu,gpu,divergent,262144,32,2,512,0.35047039985656736,262144,1.0,1073741824,3063.716149607604,3063.716149607604,1.8814980108319486,16,16,32,0.5,,,
compute,divergence-gpu,gpu,divergent,262144,32,4,512,0.6241663932800293,262144,1.0,1073741824,1720.2813793889584,1720.2813793889584,3.3508331313147863,16,16,32,0.5,,,
compute,divergence-gpu,gpu,divergent,262144,32,8,512,1.1315903902053832,262144,1.0,1073741824,948.8785282147159,948.8785282147159,6.074935484193019,16,16,32,0.5,,,
compute,divergence-gpu,gpu,divergent,262144,32,16,512,2.196217584609985,262144,1.0,1073741824,488.9050299588964,488.9050299588964,11.790379497067253,16,16,32,0.5,,,
compute,divergence-gpu,gpu,divergent,262144,32,32,512,4.3408256530761715,262144,1.0,1073741824,247.35889202071075,247.35889202071075,23.30369364994482,16,16,32,0.5,,,
compute,uniform,gpu,uniform,262144,64,1,512,0.1910720020532608,262144,1.0,1073741824,5619.5665113756295,5619.5665113756295,1.0,16,32,32,1.0,,,
compute,divergence-gpu,gpu,divergent,262144,64,2,512,0.37642239928245547,262144,1.0,1073741824,2852.491844392868,2852.491844392868,1.9700552421988478,16,32,32,1.0,,,
compute,divergence-gpu,gpu,divergent,262144,64,4,512,0.6314495921134948,262144,1.0,1073741824,1700.4394925747436,1700.4394925747436,3.304772993049395,16,32,32,1.0,,,
compute,divergence-gpu,gpu,divergent,262144,64,8,512,1.163379192352295,262144,1.0,1073741824,922.950858205524,922.950858205524,6.088695255456663,16,32,32,1.0,,,
compute,divergence-gpu,gpu,divergent,262144,64,16,512,2.178214406967163,262144,1.0,1073741824,492.94588290554213,492.94588290554213,11.399966418732514,16,32,32,1.0,,,
compute,divergence-gpu,gpu,divergent,262144,64,32,512,4.331923198699951,262144,1.0,1073741824,247.86723465509257,247.86723465509257,22.671679535196578,16,32,32,1.0,,,
compute,uniform,gpu,uniform,262144,128,1,512,0.18369919955730438,262144,1.0,1073741824,5845.108887722995,5845.108887722995,1.0,8,32,32,1.0,,,
compute,divergence-gpu,gpu,divergent,262144,128,2,512,0.3336575984954834,262144,1.0,1073741824,3218.094923783176,3218.094923783176,1.8163258157877817,8,32,32,1.0,,,
compute,divergence-gpu,gpu,divergent,262144,128,4,512,0.6098239898681641,262144,1.0,1073741824,1760.7405445497952,1760.7405445497952,3.3196877903538793,8,32,32,1.0,,,
compute,divergence-gpu,gpu,divergent,262144,128,8,512,1.129747200012207,262144,1.0,1073741824,950.4266299472998,950.4266299472998,6.1499843370835485,8,32,32,1.0,,,
compute,divergence-gpu,gpu,divergent,262144,128,16,512,2.2195647716522218,262144,1.0,1073741824,483.76232931500226,483.76232931500226,12.082604480591847,8,32,32,1.0,,,
compute,divergence-gpu,gpu,divergent,262144,128,32,512,4.300793552398682,262144,1.0,1073741824,249.66132666403897,249.66132666403897,23.412151837150837,8,32,32,1.0,,,
compute,uniform,gpu,uniform,262144,256,1,512,0.18380799889564514,262144,1.0,1073741824,5841.649060167422,5841.649060167422,1.0,4,32,32,1.0,,,
compute,divergence-gpu,gpu,divergent,262144,256,2,512,0.3413248062133789,262144,1.0,1073741824,3145.806587900767,3145.806587900767,1.856963833261479,4,32,32,1.0,,,
compute,divergence-gpu,gpu,divergent,262144,256,4,512,0.614412808418274,262144,1.0,1073741824,1747.5902345919658,1747.5902345919658,3.3426880881669336,4,32,32,1.0,,,
compute,divergence-gpu,gpu,divergent,262144,256,8,512,1.1409279823303222,262144,1.0,1073741824,941.1127088029729,941.1127088029729,6.207172643112615,4,32,32,1.0,,,
compute,divergence-gpu,gpu,divergent,262144,256,16,512,2.2156800270080566,262144,1.0,1073741824,484.61050824650306,484.61050824650306,12.054317768107486,4,32,32,1.0,,,
compute,divergence-gpu,gpu,divergent,262144,256,32,512,4.374361610412597,262144,1.0,1073741824,245.46251993527412,245.46251993527412,23.798537804092465,4,32,32,1.0,,,
compute,uniform,gpu,uniform,262144,512,1,512,0.18132480084896088,262144,1.0,1073741824,5921.648991052253,5921.648991052253,1.0,2,32,32,1.0,,,
compute,divergence-gpu,gpu,divergent,262144,512,2,512,0.33751680254936217,262144,1.0,1073741824,3181.2988742774196,3181.2988742774196,1.861393482684729,2,32,32,1.0,,,
compute,divergence-gpu,gpu,divergent,262144,512,4,512,0.5976639986038208,262144,1.0,1073741824,1796.5643346568067,1796.5643346568067,3.2960962637519193,2,32,32,1.0,,,
compute,divergence-gpu,gpu,divergent,262144,512,8,512,1.1691712141036987,262144,1.0,1073741824,918.3786010530066,918.3786010530066,6.447938774120534,2,32,32,1.0,,,
compute,divergence-gpu,gpu,divergent,262144,512,16,512,2.2036224365234376,262144,1.0,1073741824,487.262158073684,487.262158073684,12.152901457528698,2,32,32,1.0,,,
compute,divergence-gpu,gpu,divergent,262144,512,32,512,4.302150440216065,262144,1.0,1073741824,249.58258408696514,249.58258408696514,23.72621075591116,2,32,32,1.0,,,
compute,uniform,gpu,uniform,262144,1024,1,512,0.1989760011434555,262144,1.0,1073741824,5396.338341455889,5396.338341455889,1.0,1,32,32,1.0,,,
compute,divergence-gpu,gpu,divergent,262144,1024,2,512,0.36689279675483705,262144,1.0,1073741824,2926.5819157455126,2926.5819157455126,1.8439047656321064,1,32,32,1.0,,,
compute,divergence-gpu,gpu,divergent,262144,1024,4,512,0.6507199883460999,262144,1.0,1073741824,1650.0827440833223,1650.0827440833223,3.270344084746939,1,32,32,1.0,,,
compute,divergence-gpu,gpu,divergent,262144,1024,8,512,1.226259207725525,262144,1.0,1073741824,875.6238625857778,875.6238625857778,6.162849794339922,1,32,32,1.0,,,
compute,divergence-gpu,gpu,divergent,262144,1024,16,512,2.387008047103882,262144,1.0,1073741824,449.8274839511972,449.8274839511972,11.996462052641833,1,32,32,1.0,,,
compute,divergence-gpu,gpu,divergent,262144,1024,32,512,4.743974399566651,262144,1.0,1073741824,226.3380308498468,226.3380308498468,23.841942607673538,1,32,32,1.0,,,
compute,uniform,gpu,uniform,524288,32,1,512,0.3068607926368713,524288,1.0,2147483648,6998.234051168796,6998.234051168796,1.0,16,16,32,0.5,,,
compute,divergence-gpu,gpu,divergent,524288,32,2,512,0.6236224055290223,524288,1.0,2147483648,3443.5639723019217,3443.5639723019217,2.0322648591571486,16,16,32,0.5,,,
compute,divergence-gpu,gpu,divergent,524288,32,4,512,1.155897617340088,524288,1.0,2147483648,1857.8493594802246,1857.8493594802246,3.7668468734874776,16,16,32,0.5,,,
compute,divergence-gpu,gpu,divergent,524288,32,8,512,2.2178367614746093,524288,1.0,2147483648,968.2784979053946,968.2784979053946,7.2275012471180125,16,16,32,0.5,,,
compute,divergence-gpu,gpu,divergent,524288,32,16,512,4.318758392333985,524288,1.0,2147483648,497.24560925007813,497.24560925007813,14.073998685927457,16,16,32,0.5,,,
compute,divergence-gpu,gpu,divergent,524288,32,32,512,8.507219314575195,524288,1.0,2147483648,252.43073777594668,252.43073777594668,27.723383106301075,16,16,32,0.5,,,
compute,uniform,gpu,uniform,524288,64,1,512,0.3091776013374329,524288,1.0,2147483648,6945.7930933886155,6945.7930933886155,1.0,16,32,32,1.0,,,
compute,divergence-gpu,gpu,divergent,524288,64,2,512,0.6115455985069275,524288,1.0,2147483648,3511.5674992069685,3511.5674992069685,1.9779751051224879,16,32,32,1.0,,,
compute,divergence-gpu,gpu,divergent,524288,64,4,512,1.14268798828125,524288,1.0,2147483648,1879.3263515704687,1879.3263515704687,3.695895120921562,16,32,32,1.0,,,
compute,divergence-gpu,gpu,divergent,524288,64,8,512,2.2030079841613768,524288,1.0,2147483648,974.7961257695971,974.7961257695971,7.125380281856314,16,32,32,1.0,,,
compute,divergence-gpu,gpu,divergent,524288,64,16,512,4.307846450805664,524288,1.0,2147483648,498.50515159340745,498.50515159340745,13.933242357049437,16,32,32,1.0,,,
compute,divergence-gpu,gpu,divergent,524288,64,32,512,8.678099250793457,524288,1.0,2147483648,247.46013913169418,247.46013913169418,28.06833099569292,16,32,32,1.0,,,
compute,uniform,gpu,uniform,524288,128,1,512,0.30798080563545227,524288,1.0,2147483648,6972.784045970426,6972.784045970426,1.0,8,32,32,1.0,,,
compute,divergence-gpu,gpu,divergent,524288,128,2,512,0.6065600037574768,524288,1.0,2147483648,3540.430682367637,3540.430682367637,1.9694733978826064,8,32,32,1.0,,,
compute,divergence-gpu,gpu,divergent,524288,128,4,512,1.1290112018585206,524288,1.0,2147483648,1902.0924189812483,1902.0924189812483,3.6658492386531956,8,32,32,1.0,,,
compute,divergence-gpu,gpu,divergent,524288,128,8,512,2.175321578979492,524288,1.0,2147483648,987.2028433641744,987.2028433641744,7.063172571716549,8,32,32,1.0,,,
compute,divergence-gpu,gpu,divergent,524288,128,16,512,4.293446445465088,524288,1.0,2147483648,500.17711302030074,500.17711302030074,13.940629957787412,8,32,32,1.0,,,
compute,divergence-gpu,gpu,divergent,524288,128,32,512,8.5146240234375,524288,1.0,2147483648,252.21121239044726,252.21121239044726,27.646606111927664,8,32,32,1.0,,,
compute,uniform,gpu,uniform,524288,256,1,512,0.32784640192985537,524288,1.0,2147483648,6550.273650584296,6550.273650584296,1.0,4,32,32,1.0,,,
compute,divergence-gpu,gpu,divergent,524288,256,2,512,0.6170368075370789,524288,1.0,2147483648,3480.3169304789867,3480.3169304789867,1.8820911375110883,4,32,32,1.0,,,
compute,divergence-gpu,gpu,divergent,524288,256,4,512,1.1404671907424926,524288,1.0,2147483648,1882.9859073823045,1882.9859073823045,3.4786631301401383,4,32,32,1.0,,,
compute,divergence-gpu,gpu,divergent,524288,256,8,512,2.195904016494751,524288,1.0,2147483648,977.9496880869852,977.9496880869852,6.697965887588351,4,32,32,1.0,,,
compute,divergence-gpu,gpu,divergent,524288,256,16,512,4.292819213867188,524288,1.0,2147483648,500.25019480506813,500.25019480506813,13.09399520201433,4,32,32,1.0,,,
compute,divergence-gpu,gpu,divergent,524288,256,32,512,8.452633476257324,524288,1.0,2147483648,254.06089759269528,254.06089759269528,25.782297522563063,4,32,32,1.0,,,
compute,uniform,gpu,uniform,524288,512,1,512,0.3130368053913116,524288,1.0,2147483648,6860.163440894876,6860.163440894876,1.0,2,32,32,1.0,,,
compute,divergence-gpu,gpu,divergent,524288,512,2,512,0.6152640104293823,524288,1.0,2147483648,3490.3449764619054,3490.3449764619054,1.9654685961296838,2,32,32,1.0,,,
compute,divergence-gpu,gpu,divergent,524288,512,4,512,1.1486464023590088,524288,1.0,2147483648,1869.5776555688938,1869.5776555688938,3.6693653352459417,2,32,32,1.0,,,
compute,divergence-gpu,gpu,divergent,524288,512,8,512,2.191353607177734,524288,1.0,2147483648,979.9804289759355,979.9804289759355,7.000306575574821,2,32,32,1.0,,,
compute,divergence-gpu,gpu,divergent,524288,512,16,512,4.316556835174561,524288,1.0,2147483648,497.49921754781116,497.49921754781116,13.789294935394736,2,32,32,1.0,,,
compute,divergence-gpu,gpu,divergent,524288,512,32,512,8.69192943572998,524288,1.0,2147483648,247.06639232163144,247.06639232163144,27.76647757079119,2,32,32,1.0,,,
compute,uniform,gpu,uniform,524288,1024,1,512,0.31689600348472596,524288,1.0,2147483648,6776.619535700475,6776.619535700475,1.0,1,32,32,1.0,,,
compute,divergence-gpu,gpu,divergent,524288,1024,2,512,0.6214079976081848,524288,1.0,2147483648,3455.8352262373824,3455.8352262373824,1.9609209039398188,1,32,32,1.0,,,
compute,divergence-gpu,gpu,divergent,524288,1024,4,512,1.1448448181152344,524288,1.0,2147483648,1875.7857956115104,1875.7857956115104,3.612683042783828,1,32,32,1.0,,,
compute,divergence-gpu,gpu,divergent,524288,1024,8,512,2.195027208328247,524288,1.0,2147483648,978.3403321162217,978.3403321162217,6.92664844046872,1,32,32,1.0,,,
compute,divergence-gpu,gpu,divergent,524288,1024,16,512,4.323347187042236,524288,1.0,2147483648,496.7178334500529,496.7178334500529,13.642794921680407,1,32,32,1.0,,,
compute,divergence-gpu,gpu,divergent,524288,1024,32,512,8.4880765914917,524288,1.0,2147483648,253.00003185086715,253.00003185086715,26.7850540813173,1,32,32,1.0,,,
compute,uniform,gpu,uniform,1048576,32,1,512,0.5673792004585266,1048576,1.0,4294967296,7569.835645242245,7569.835645242245,1.0,16,16,32,0.5,,,
compute,divergence-gpu,gpu,divergent,1048576,32,2,512,1.1752320051193237,1048576,1.0,4294967296,3654.5697166951504,3654.5697166951504,2.0713343107564777,16,16,32,0.5,,,
compute,divergence-gpu,gpu,divergent,1048576,32,4,512,2.246438407897949,1048576,1.0,4294967296,1911.9007585072907,1911.9007585072907,3.959324568264916,16,16,32,0.5,,,
compute,divergence-gpu,gpu,divergent,1048576,32,8,512,4.46809606552124,1048576,1.0,4294967296,961.2522275746901,961.2522275746901,7.874973319272816,16,16,32,0.5,,,
compute,divergence-gpu,gpu,divergent,1048576,32,16,512,8.518803215026855,1048576,1.0,4294967296,504.1749630304684,504.1749630304684,15.014302970821626,16,16,32,0.5,,,
compute,divergence-gpu,gpu,divergent,1048576,32,32,512,16.910873794555663,1048576,1.0,4294967296,253.9766630735979,253.9766630735979,29.805240976209852,16,16,32,0.5,,,
compute,uniform,gpu,uniform,1048576,64,1,512,0.5624320149421692,1048576,1.0,4294967296,7636.420370632031,7636.420370632031,1.0,16,32,32,1.0,,,
compute,divergence-gpu,gpu,divergent,1048576,64,2,512,1.1932160139083863,1048576,1.0,4294967296,3599.4884798200187,3599.4884798200187,2.1215293265819444,16,32,32,1.0,,,
compute,divergence-gpu,gpu,divergent,1048576,64,4,512,2.2145152568817137,1048576,1.0,4294967296,1939.4615966872122,1939.4615966872122,3.9373918945731,16,32,32,1.0,,,
compute,divergence-gpu,gpu,divergent,1048576,64,8,512,4.3235455513000485,1048576,1.0,4294967296,993.3900880744842,993.3900880744842,7.6872322990799296,16,32,32,1.0,,,
compute,divergence-gpu,gpu,divergent,1048576,64,16,512,8.506137466430664,1048576,1.0,4294967296,504.9256860649173,504.9256860649173,15.123850066225849,16,32,32,1.0,,,
compute,divergence-gpu,gpu,divergent,1048576,64,32,512,17.01715850830078,1048576,1.0,4294967296,252.39039137497386,252.39039137497386,30.256383093786955,16,32,32,1.0,,,
compute,uniform,gpu,uniform,1048576,128,1,512,0.5612928032875061,1048576,1.0,4294967296,7651.919409698945,7651.919409698945,1.0,8,32,32,1.0,,,
compute,divergence-gpu,gpu,divergent,1048576,128,2,512,1.1688063859939575,1048576,1.0,4294967296,3674.6610452059977,3674.6610452059977,2.0823470016865158,8,32,32,1.0,,,
compute,divergence-gpu,gpu,divergent,1048576,128,4,512,2.2049536228179933,1048576,1.0,4294967296,1947.8719423181835,1947.8719423181835,3.9283482879230314,8,32,32,1.0,,,
compute,divergence-gpu,gpu,divergent,1048576,128,8,512,4.324441719055176,1048576,1.0,4294967296,993.1842246999653,993.1842246999653,7.704431080760009,8,32,32,1.0,,,
compute,divergence-gpu,gpu,divergent,1048576,128,16,512,8.510239791870116,1048576,1.0,4294967296,504.682288753251,504.682288753251,15.161854458181947,8,32,32,1.0,,,
compute,divergence-gpu,gpu,divergent,1048576,128,32,512,16.937465286254884,1048576,1.0,4294967296,253.57792464291916,253.57792464291916,30.175810534273243,8,32,32,1.0,,,
compute,uniform,gpu,uniform,1048576,256,1,512,0.5622527837753296,1048576,1.0,4294967296,7638.854657438609,7638.854657438609,1.0,4,32,32,1.0,,,
compute,divergence-gpu,gpu,divergent,1048576,256,2,512,1.1664767742156983,1048576,1.0,4294967296,3681.9998399777814,3681.9998399777814,2.0746482861022355,4,32,32,1.0,,,
compute,divergence-gpu,gpu,divergent,1048576,256,4,512,2.2144511699676515,1048576,1.0,4294967296,1939.517725316445,1939.517725316445,3.938533047534938,4,32,32,1.0,,,
compute,divergence-gpu,gpu,divergent,1048576,256,8,512,4.291206359863281,1048576,1.0,4294967296,1000.8764286359882,1000.8764286359882,7.632165608944327,4,32,32,1.0,,,
compute,divergence-gpu,gpu,divergent,1048576,256,16,512,8.469983863830567,1048576,1.0,4294967296,507.08093014684835,507.08093014684835,15.064369814156553,4,32,32,1.0,,,
compute,divergence-gpu,gpu,divergent,1048576,256,32,512,16.825702667236328,1048576,1.0,4294967296,255.26228419353507,255.26228419353507,29.925512425670274,4,32,32,1.0,,,
compute,uniform,gpu,uniform,1048576,512,1,512,0.5662271976470947,1048576,1.0,4294967296,7585.236657383014,7585.236657383014,1.0,2,32,32,1.0,,,
compute,divergence-gpu,gpu,divergent,1048576,512,2,512,1.1551487684249877,1048576,1.0,4294967296,3718.1074969729357,3718.1074969729357,2.040079977127737,2,32,32,1.0,,,
compute,divergence-gpu,gpu,divergent,1048576,512,4,512,2.180415964126587,1048576,1.0,4294967296,1969.7926297840343,1969.7926297840343,3.8507792864544585,2,32,32,1.0,,,
compute,divergence-gpu,gpu,divergent,1048576,512,8,512,4.406867218017578,1048576,1.0,4294967296,974.6078298978302,974.6078298978302,7.782860371825853,2,32,32,1.0,,,
compute,divergence-gpu,gpu,divergent,1048576,512,16,512,8.35806713104248,1048576,1.0,4294967296,513.8708781182402,513.8708781182402,14.760977865022491,2,32,32,1.0,,,
compute,divergence-gpu,gpu,divergent,1048576,512,32,512,16.57532157897949,1048576,1.0,4294967296,259.11818817722343,259.11818817722343,29.273269895647402,2,32,32,1.0,,,
compute,uniform,gpu,uniform,1048576,1024,1,512,0.5736639976501465,1048576,1.0,4294967296,7486.904030221746,7486.904030221746,1.0,1,32,32,1.0,,,
compute,divergence-gpu,gpu,divergent,1048576,1024,2,512,1.1905215978622437,1048576,1.0,4294967296,3607.6349254916877,3607.6349254916877,2.0752942536726744,1,32,32,1.0,,,
compute,divergence-gpu,gpu,divergent,1048576,1024,4,512,2.2420864582061766,1048576,1.0,4294967296,1915.6118089381216,1915.6118089381216,3.908361806545738,1,32,32,1.0,,,
compute,divergence-gpu,gpu,divergent,1048576,1024,8,512,4.344537544250488,1048576,1.0,4294967296,988.5902129408252,988.5902129408252,7.573313929489503,1,32,32,1.0,,,
compute,divergence-gpu,gpu,divergent,1048576,1024,16,512,8.609773063659668,1048576,1.0,4294967296,498.84790972346275,498.84790972346275,15.008390101047278,1,32,32,1.0,,,
compute,divergence-gpu,gpu,divergent,1048576,1024,32,512,16.936909103393553,1048576,1.0,4294967296,253.5862517641688,253.5862517641688,29.524092801310253,1,32,32,1.0,,,
compute,uniform,gpu,uniform,2097152,32,1,512,1.0600576162338258,2097152,1.0,8589934592,8103.271426432774,8103.271426432774,1.0,16,16,32,0.5,,,
compute,divergence-gpu,gpu,divergent,2097152,32,2,512,2.296742391586304,2097152,1.0,8589934592,3740.0513977830756,3740.0513977830756,2.166620338756844,16,16,32,0.5,,,
compute,divergence-gpu,gpu,divergent,2097152,32,4,512,4.3807295799255375,2097152,1.0,8589934592,1960.8456617278828,1960.8456617278828,4.132539130740271,16,16,32,0.5,,,
compute,divergence-gpu,gpu,divergent,2097152,32,8,512,8.539583969116212,2097152,1.0,8589934592,1005.8961447145299,1005.8961447145299,8.055773420557703,16,16,32,0.5,,,
compute,divergence-gpu,gpu,divergent,2097152,32,16,512,17.164096069335937,2097152,1.0,8589934592,500.45947991086587,500.45947991086587,16.191663364786304,16,16,32,0.5,,,
compute,divergence-gpu,gpu,divergent,2097152,32,32,512,33.665330505371095,2097152,1.0,8589934592,255.1566986882701,255.1566986882701,31.758019554613767,16,16,32,0.5,,,
compute,uniform,gpu,uniform,2097152,64,1,512,1.0892480134963989,2097152,1.0,8589934592,7886.114535501423,7886.114535501423,1.0,16,32,32,1.0,,,
compute,divergence-gpu,gpu,divergent,2097152,64,2,512,2.2849472045898436,2097152,1.0,8589934592,3759.358017001502,3759.358017001502,2.0977290536939757,16,32,32,1.0,,,
compute,divergence-gpu,gpu,divergent,2097152,64,4,512,4.381299209594727,2097152,1.0,8589934592,1960.5907245934418,1960.5907245934418,4.0223155381583915,16,32,32,1.0,,,
compute,divergence-gpu,gpu,divergent,2097152,64,8,512,8.566143989562988,2097152,1.0,8589934592,1002.7772825749832,1002.7772825749832,7.864273226504542,16,32,32,1.0,,,
compute,divergence-gpu,gpu,divergent,2097152,64,16,512,16.979526138305665,2097152,1.0,8589934592,505.8995476099408,505.8995476099408,15.588301220584967,16,32,32,1.0,,,
compute,divergence-gpu,gpu,divergent,2097152,64,32,512,33.5608772277832,2097152,1.0,8589934592,255.95083625790525,255.95083625790525,30.81105203952172,16,32,32,1.0,,,
compute,uniform,gpu,uniform,2097152,128,1,512,1.083129620552063,2097152,1.0,8589934592,7930.661694601035,7930.661694601035,1.0,8,32,32,1.0,,,
compute,divergence-gpu,gpu,divergent,2097152,128,2,512,2.281568002700806,2097152,1.0,8589934592,3764.9259552341487,3764.9259552341487,2.106458875658767,8,32,32,1.0,,,
compute,divergence-gpu,gpu,divergent,2097152,128,4,512,4.351590347290039,2097152,1.0,8589934592,1973.975927524841,1973.975927524841,4.017608109611171,8,32,32,1.0,,,
compute,divergence-gpu,gpu,divergent,2097152,128,8,512,8.518342208862304,2097152,1.0,8589934592,1008.404497187635,1008.404497187635,7.864563988676229,8,32,32,1.0,,,
compute,divergence-gpu,gpu,divergent,2097152,128,16,512,16.876851272583007,2097152,1.0,8589934592,508.9773236287641,508.9773236287641,15.581561940833085,8,32,32,1.0,,,
compute,divergence-gpu,gpu,divergent,2097152,128,32,512,33.80956878662109,2097152,1.0,8589934592,254.06814994337208,254.06814994337208,31.214702418892955,8,32,32,1.0,,,
compute,uniform,gpu,uniform,2097152,256,1,512,1.0540160179138183,2097152,1.0,8589934592,8149.719212998106,8149.719212998106,1.0,4,32,32,1.0,,,
compute,divergence-gpu,gpu,divergent,2097152,256,2,512,2.265184020996094,2097152,1.0,8589934592,3792.15750790201,3792.15750790201,2.14909828930257,4,32,32,1.0,,,
compute,divergence-gpu,gpu,divergent,2097152,256,4,512,4.336396789550781,2097152,1.0,8589934592,1980.8922035683581,1980.8922035683581,4.114165929027984,4,32,32,1.0,,,
compute,divergence-gpu,gpu,divergent,2097152,256,8,512,8.474662590026856,2097152,1.0,8589934592,1013.6019576884155,1013.6019576884155,8.040354649259028,4,32,32,1.0,,,
compute,divergence-gpu,gpu,divergent,2097152,256,16,512,16.865357208251954,2097152,1.0,8589934592,509.32420143446944,509.32420143446944,16.00104450180277,4,32,32,1.0,,,
compute,divergence-gpu,gpu,divergent,2097152,256,32,512,33.41588439941406,2097152,1.0,8589934592,257.06141693950264,257.06141693950264,31.703393336994157,4,32,32,1.0,,,
compute,uniform,gpu,uniform,2097152,512,1,512,1.0792960166931151,2097152,1.0,8589934592,7958.830996447979,7958.830996447979,1.0,2,32,32,1.0,,,
compute,divergence-gpu,gpu,divergent,2097152,512,2,512,2.271276760101318,2097152,1.0,8589934592,3781.984979944415,3781.984979944415,2.1044057653991404,2,32,32,1.0,,,
compute,divergence-gpu,gpu,divergent,2097152,512,4,512,4.479385566711426,2097152,1.0,8589934592,1917.6591217858402,1917.6591217858402,4.150284534947084,2,32,32,1.0,,,
compute,divergence-gpu,gpu,divergent,2097152,512,8,512,8.525011253356933,2097152,1.0,8589934592,1007.6156308435958,1007.6156308435958,7.898677583817042,2,32,32,1.0,,,
compute,divergence-gpu,gpu,divergent,2097152,512,16,512,16.68549156188965,2097152,1.0,8589934592,514.8145956706343,514.8145956706343,15.459606358052527,2,32,32,1.0,,,
compute,divergence-gpu,gpu,divergent,2097152,512,32,512,33.11601943969727,2097152,1.0,8589934592,259.38910344106637,259.38910344106637,30.682981246574368,2,32,32,1.0,,,
compute,uniform,gpu,uniform,2097152,1024,1,512,1.0766143798828125,2097152,1.0,8589934592,7978.654894926258,7978.654894926258,1.0,1,32,32,1.0,,,
compute,divergence-gpu,gpu,divergent,2097152,1024,2,512,2.28210563659668,2097152,1.0,8589934592,3764.0389884888195,3764.0389884888195,2.1197056989384473,1,32,32,1.0,,,
compute,divergence-gpu,gpu,divergent,2097152,1024,4,512,4.326739120483398,2097152,1.0,8589934592,1985.3137323057053,1985.3137323057053,4.018838315121108,1,32,32,1.0,,,
compute,divergence-gpu,gpu,divergent,2097152,1024,8,512,8.437439918518066,2097152,1.0,8589934592,1018.0735714807576,1018.0735714807576,7.837012096602747,1,32,32,1.0,,,
compute,divergence-gpu,gpu,divergent,2097152,1024,16,512,16.961298751831055,2097152,1.0,8589934592,506.44321037459906,506.44321037459906,15.754293337301757,1,32,32,1.0,,,
compute,divergence-gpu,gpu,divergent,2097152,1024,32,512,33.08428802490234,2097152,1.0,8589934592,259.6378856795833,259.6378856795833,30.729933245461115,1,32,32,1.0,,,
compute,uniform,gpu,uniform,4194304,32,1,512,2.0815936088562013,4194304,1.0,17179869184,8253.229213861794,8253.229213861794,1.0,16,16,32,0.5,,,
compute,divergence-gpu,gpu,divergent,4194304,32,2,512,4.539148807525635,4194304,1.0,17179869184,3784.821761189414,3784.821761189414,2.18061238668955,16,16,32,0.5,,,
compute,divergence-gpu,gpu,divergent,4194304,32,4,512,8.679993629455566,4194304,1.0,17179869184,1979.2490544808811,1979.2490544808811,4.169879073670422,16,16,32,0.5,,,
compute,divergence-gpu,gpu,divergent,4194304,32,8,512,17.000857543945312,4194304,1.0,17179869184,1010.5295653229235,1010.5295653229235,8.167231812979567,16,16,32,0.5,,,
compute,divergence-gpu,gpu,divergent,4194304,32,16,512,33.69752960205078,4194304,1.0,17179869184,509.82577615880956,509.82577615880956,16.188332563418548,16,16,32,0.5,,,
compute,divergence-gpu,gpu,divergent,4194304,32,32,512,67.19580688476563,4194304,1.0,17179869184,255.66876834237334,255.66876834237334,32.280944079996736,16,16,32,0.5,,,
compute,uniform,gpu,uniform,4194304,64,1,512,2.0529919624328614,4194304,1.0,17179869184,8368.210640065685,8368.210640065685,1.0,16,32,32,1.0,,,
compute,divergence-gpu,gpu,divergent,4194304,64,2,512,4.438841438293457,4194304,1.0,17179869184,3870.3498250221164,3870.3498250221164,2.1621328867908898,16,32,32,1.0,,,
compute,divergence-gpu,gpu,divergent,4194304,64,4,512,8.605081748962402,4194304,1.0,17179869184,1996.4794856331891,1996.4794856331891,4.191483408812329,16,32,32,1.0,,,
compute,divergence-gpu,gpu,divergent,4194304,64,8,512,17.129203033447265,4194304,1.0,17179869184,1002.9578813710015,1002.9578813710015,8.343531463780604,16,32,32,1.0,,,
compute,divergence-gpu,gpu,divergent,4194304,64,16,512,33.59846420288086,4194304,1.0,17179869184,511.3290024288352,511.3290024288352,16.365609226772424,16,32,32,1.0,,,
compute,divergence-gpu,gpu,divergent,4194304,64,32,512,67.04021759033203,4194304,1.0,17179869184,256.262133410461,256.262133410461,32.65488556072437,16,32,32,1.0,,,
compute,uniform,gpu,uniform,4194304,128,1,512,2.1617600440979006,4194304,1.0,17179869184,7947.167508671914,7947.167508671914,1.0,8,32,32,1.0,,,
compute,divergence-gpu,gpu,divergent,4194304,128,2,512,4.498662376403809,4194304,1.0,17179869184,3818.883869594463,3818.883869594463,2.081018376061759,8,32,32,1.0,,,
compute,divergence-gpu,gpu,divergent,4194304,128,4,512,8.649139404296875,4194304,1.0,17179869184,1986.3096639955963,1986.3096639955963,4.000971073506055,8,32,32,1.0,,,
compute,divergence-gpu,gpu,divergent,4194304,128,8,512,17.134118270874023,4194304,1.0,17179869184,1002.670164428814,1002.670164428814,7.926003775328388,8,32,32,1.0,,,
compute,divergence-gpu,gpu,divergent,4194304,128,16,512,33.67599334716797,4194304,1.0,17179869184,510.1518166633314,510.1518166633314,15.578044121553237,8,32,32,1.0,,,
compute,divergence-gpu,gpu,divergent,4194304,128,32,512,67.03357391357422,4194304,1.0,17179869184,256.2875314711677,256.2875314711677,31.0087949384536,8,32,32,1.0,,,
compute,uniform,gpu,uniform,4194304,256,1,512,2.0563647747039795,4194304,1.0,17179869184,8354.4852524879,8354.4852524879,1.0,4,32,32,1.0,,,
compute,divergence-gpu,gpu,divergent,4194304,256,2,512,4.474668693542481,4194304,1.0,17179869184,3839.3611595854572,3839.3611595854572,2.1760092122695616,4,32,32,1.0,,,
compute,divergence-gpu,gpu,divergent,4194304,256,4,512,8.611859321594238,4194304,1.0,17179869184,1994.9082471565082,1994.9082471565082,4.1879045136016515,4,32,32,1.0,,,
compute,divergence-gpu,gpu,divergent,4194304,256,8,512,16.919295883178712,4194304,1.0,17179869184,1015.4009541898462,1015.4009541898462,8.227769747521716,4,32,32,1.0,,,
compute,divergence-gpu,gpu,divergent,4194304,256,16,512,33.905548858642575,4194304,1.0,17179869184,506.69786398755866,506.69786398755866,16.48810039722811,4,32,32,1.0,,,
compute,divergence-gpu,gpu,divergent,4194304,256,32,512,66.75342102050782,4194304,1.0,17179869184,257.3631271829806,257.3631271829806,32.461857857936316,4,32,32,1.0,,,
compute,uniform,gpu,uniform,4194304,512,1,512,2.08341121673584,4194304,1.0,17179869184,8246.02893850037,8246.02893850037,1.0,2,32,32,1.0,,,
compute,divergence-gpu,gpu,divergent,4194304,512,2,512,4.4596864700317385,4194304,1.0,17179869184,3852.2594131774777,3852.2594131774777,2.140569482494627,2,32,32,1.0,,,
compute,divergence-gpu,gpu,divergent,4194304,512,4,512,8.756512069702149,4194304,1.0,17179869184,1961.953463576322,1961.953463576322,4.202968669536737,2,32,32,1.0,,,
compute,divergence-gpu,gpu,divergent,4194304,512,8,512,16.656556701660158,4194304,1.0,17179869184,1031.4178069161007,1031.4178069161007,7.994848337121187,2,32,32,1.0,,,
compute,divergence-gpu,gpu,divergent,4194304,512,16,512,33.031494140625,4194304,1.0,17179869184,520.1057242781732,520.1057242781732,15.854524481430367,2,32,32,1.0,,,
compute,divergence-gpu,gpu,divergent,4194304,512,32,512,66.10114440917968,4194304,1.0,17179869184,259.9027496052576,259.9027496052576,31.727363219606197,2,32,32,1.0,,,
compute,uniform,gpu,uniform,4194304,1024,1,512,2.093247985839844,4194304,1.0,17179869184,8207.278497443373,8207.278497443373,1.0,1,32,32,1.0,,,
compute,divergence-gpu,gpu,divergent,4194304,1024,2,512,4.502457618713379,4194304,1.0,17179869184,3815.664829935549,3815.664829935549,2.15094324665356,1,32,32,1.0,,,
compute,divergence-gpu,gpu,divergent,4194304,1024,4,512,8.649344062805175,4194304,1.0,17179869184,1986.262664457839,1986.262664457839,4.1320207263139554,1,32,32,1.0,,,
compute,divergence-gpu,gpu,divergent,4194304,1024,8,512,16.873344039916994,4194304,1.0,17179869184,1018.166235652984,1018.166235652984,8.060843318163826,1,32,32,1.0,,,
compute,divergence-gpu,gpu,divergent,4194304,1024,16,512,33.449075317382814,4194304,1.0,17179869184,513.6126790049699,513.6126790049699,15.97950913778738,1,32,32,1.0,,,
compute,divergence-gpu,gpu,divergent,4194304,1024,32,512,65.99004821777343,4194304,1.0,17179869184,260.3403035455406,260.3403035455406,31.525193700973368,1,32,32,1.0,,,
compute,uniform,gpu,uniform,8388608,32,1,512,4.101440048217773,8388608,1.0,34359738368,8377.481558685851,8377.481558685851,1.0,16,16,32,0.5,,,
compute,divergence-gpu,gpu,divergent,8388608,32,2,512,9.011481666564942,8388608,1.0,34359738368,3812.884455558958,3812.884455558958,2.1971506496799247,16,16,32,0.5,,,
compute,divergence-gpu,gpu,divergent,8388608,32,4,512,17.392294311523436,8388608,1.0,34359738368,1975.5725008192057,1975.5725008192057,4.240533594799473,16,16,32,0.5,,,
compute,divergence-gpu,gpu,divergent,8388608,32,8,512,34.05897598266601,8388608,1.0,34359738368,1008.8306349987463,1008.8306349987463,8.30415063544959,16,16,32,0.5,,,
compute,divergence-gpu,gpu,divergent,8388608,32,16,512,67.30934600830078,8388608,1.0,34359738368,510.47499947128676,510.47499947128676,16.41114955161887,16,16,32,0.5,,,
compute,divergence-gpu,gpu,divergent,8388608,32,32,512,134.0621765136719,8388608,1.0,34359738368,256.2970351633515,256.2970351633515,32.68661127252776,16,16,32,0.5,,,
compute,uniform,gpu,uniform,8388608,64,1,512,4.049740886688232,8388608,1.0,34359738368,8484.428838630824,8484.428838630824,1.0,16,32,32,1.0,,,
compute,divergence-gpu,gpu,divergent,8388608,64,2,512,8.82116470336914,8388608,1.0,34359738368,3895.1475823681994,3895.1475823681994,2.1782047173351007,16,32,32,1.0,,,
compute,divergence-gpu,gpu,divergent,8388608,64,4,512,17.147890853881837,8388608,1.0,34359738368,2003.7297100139783,2003.7297100139783,4.2343180301357295,16,32,32,1.0,,,
compute,divergence-gpu,gpu,divergent,8388608,64,8,512,33.94058837890625,8388608,1.0,34359738368,1012.3495204153342,1012.3495204153342,8.380928392350045,16,32,32,1.0,,,
compute,divergence-gpu,gpu,divergent,8388608,64,16,512,67.13011169433594,8388608,1.0,34359738368,511.8379442663594,511.8379442663594,16.57639675540652,16,32,32,1.0,,,
compute,divergence-gpu,gpu,divergent,8388608,64,32,512,134.38479309082032,8388608,1.0,34359738368,255.6817447698781,255.6817447698781,33.18355342993723,16,32,32,1.0,,,
compute,uniform,gpu,uniform,8388608,128,1,512,4.129235172271729,8388608,1.0,34359738368,8321.090210295952,8321.090210295952,1.0,8,32,32,1.0,,,
compute,divergence-gpu,gpu,divergent,8388608,128,2,512,8.89170570373535,8388608,1.0,34359738368,3864.2460190248635,3864.2460190248635,2.1533541522275454,8,32,32,1.0,,,
compute,divergence-gpu,gpu,divergent,8388608,128,4,512,18.566738510131835,8388608,1.0,34359738368,1850.6071138584707,1850.6071138584707,4.496411014516571,8,32,32,1.0,,,
compute,divergence-gpu,gpu,divergent,8388608,128,8,512,35.14892807006836,8388608,1.0,34359738368,977.5472611712331,977.5472611712331,8.51221269887879,8,32,32,1.0,,,
compute,divergence-gpu,gpu,divergent,8388608,128,16,512,67.1569839477539,8388608,1.0,34359738368,511.6331369903513,511.6331369903513,16.263782794140784,8,32,32,1.0,,,
compute,divergence-gpu,gpu,divergent,8388608,128,32,512,135.3719970703125,8388608,1.0,34359738368,253.8171786750954,253.8171786750954,32.78379443712735,8,32,32,1.0,,,
compute,uniform,gpu,uniform,8388608,256,1,512,4.388863945007325,8388608,1.0,34359738368,7828.845641726233,7828.845641726233,1.0,4,32,32,1.0,,,
compute,divergence-gpu,gpu,divergent,8388608,256,2,512,9.308902359008789,8388608,1.0,34359738368,3691.0622802642247,3691.0622802642247,2.1210277820524355,4,32,32,1.0,,,
compute,divergence-gpu,gpu,divergent,8388608,256,4,512,18.637241744995116,8388608,1.0,34359738368,1843.6064111915614,1843.6064111915614,4.246484278966185,4,32,32,1.0,,,
compute,divergence-gpu,gpu,divergent,8388608,256,8,512,33.96417999267578,8388608,1.0,34359738368,1011.6463396263216,1011.6463396263216,7.73871790473539,4,32,32,1.0,,,
compute,divergence-gpu,gpu,divergent,8388608,256,16,512,67.5662338256836,8388608,1.0,34359738368,508.534165995486,508.534165995486,15.394925582631803,4,32,32,1.0,,,
compute,divergence-gpu,gpu,divergent,8388608,256,32,512,133.9743865966797,8388608,1.0,34359738368,256.46497991767285,256.46497991767285,30.525983096169117,4,32,32,1.0,,,
compute,uniform,gpu,uniform,8388608,512,1,512,4.0581952095031735,8388608,1.0,34359738368,8466.753469014742,8466.753469014742,1.0,2,32,32,1.0,,,
compute,divergence-gpu,gpu,divergent,8388608,512,2,512,8.785593414306641,8388608,1.0,34359738368,3910.918335015128,3910.918335015128,2.1649016276331916,2,32,32,1.0,,,
compute,divergence-gpu,gpu,divergent,8388608,512,4,512,16.96377639770508,8388608,1.0,34359738368,2025.4769670654412,2025.4769670654412,4.180128239760521,2,32,32,1.0,,,
compute,divergence-gpu,gpu,divergent,8388608,512,8,512,33.29719696044922,8388608,1.0,34359738368,1031.9108364831093,1031.9108364831093,8.204927373251136,2,32,32,1.0,,,
compute,divergence-gpu,gpu,divergent,8388608,512,16,512,66.04648895263672,8388608,1.0,34359738368,520.2356538988782,520.2356538988782,16.27484276704434,2,32,32,1.0,,,
compute,divergence-gpu,gpu,divergent,8388608,512,32,512,131.593408203125,8388608,1.0,34359738368,261.1053155106598,261.1053155106598,32.426584087174895,2,32,32,1.0,,,
compute,uniform,gpu,uniform,8388608,1024,1,512,4.112032032012939,8388608,1.0,34359738368,8355.902410414852,8355.902410414852,1.0,1,32,32,1.0,,,
compute,divergence-gpu,gpu,divergent,8388608,1024,2,512,8.90319995880127,8388608,1.0,34359738368,3859.2571802269404,3859.2571802269404,2.1651582209205062,1,32,32,1.0,,,
compute,divergence-gpu,gpu,divergent,8388608,1024,4,512,17.051443099975586,8388608,1.0,34359738368,2015.0633683344488,2015.0633683344488,4.146719424174449,1,32,32,1.0,,,
compute,divergence-gpu,gpu,divergent,8388608,1024,8,512,33.48621444702148,8388608,1.0,34359738368,1026.0860755807594,1026.0860755807594,8.143471205069668,1,32,32,1.0,,,
compute,divergence-gpu,gpu,divergent,8388608,1024,16,512,66.46863861083985,8388608,1.0,34359738368,516.9315798563165,516.9315798563165,16.164426272307477,1,32,32,1.0,,,
compute,divergence-gpu,gpu,divergent,8388608,1024,32,512,131.52762145996093,8388608,1.0,34359738368,261.23591369330467,261.23591369330467,31.986040097935465,1,32,32,1.0,,,
compute,uniform,gpu,uniform,16777216,32,1,512,8.1165376663208,16777216,1.0,68719476736,8466.599868210838,8466.599868210838,1.0,16,16,32,0.5,,,
compute,divergence-gpu,gpu,divergent,16777216,32,2,512,17.964301300048827,16777216,1.0,68719476736,3825.335346374602,3825.335346374602,2.213296116962639,16,16,32,0.5,,,
compute,divergence-gpu,gpu,divergent,16777216,32,4,512,34.553734588623044,16777216,1.0,68719476736,1988.7713312073122,1988.7713312073122,4.257201285715974,16,16,32,0.5,,,
compute,divergence-gpu,gpu,divergent,16777216,32,8,512,67.79086151123047,16777216,1.0,68719476736,1013.6982360759008,1013.6982360759008,8.352189603274502,16,16,32,0.5,,,
compute,divergence-gpu,gpu,divergent,16777216,32,16,512,134.36879272460936,16777216,1.0,68719476736,511.42438167797997,511.42438167797997,16.554939833787316,16,16,32,0.5,,,
compute,divergence-gpu,gpu,divergent,16777216,32,32,512,267.3281982421875,16777216,1.0,68719476736,257.0603370234187,257.0603370234187,32.93623577346946,16,16,32,0.5,,,
compute,uniform,gpu,uniform,16777216,64,1,512,8.045952033996581,16777216,1.0,68719476736,8540.875765308992,8540.875765308992,1.0,16,32,32,1.0,,,
compute,divergence-gpu,gpu,divergent,16777216,64,2,512,17.75069465637207,16777216,1.0,68719476736,3871.3683079062694,3871.3683079062694,2.2061646131334136,16,32,32,1.0,,,
compute,divergence-gpu,gpu,divergent,16777216,64,4,512,34.221900939941406,16777216,1.0,68719476736,2008.0555097334009,2008.0555097334009,4.253306606271517,16,32,32,1.0,,,
compute,divergence-gpu,gpu,divergent,16777216,64,8,512,67.59317016601562,16777216,1.0,68719476736,1016.6630233086871,1016.6630233086871,8.400891514194223,16,32,32,1.0,,,
compute,divergence-gpu,gpu,divergent,16777216,64,16,512,134.12989807128906,16777216,1.0,68719476736,512.3352639802656,512.3352639802656,16.67048193980646,16,32,32,1.0,,,
compute,divergence-gpu,gpu,divergent,16777216,64,32,512,267.21290283203126,16777216,1.0,68719476736,257.1712518657706,257.1712518657706,33.21084959281088,16,32,32,1.0,,,
compute,uniform,gpu,uniform,16777216,128,1,512,8.076032066345215,16777216,1.0,68719476736,8509.064373626095,8509.064373626095,1.0,8,32,32,1.0,,,
compute,divergence-gpu,gpu,divergent,16777216,128,2,512,17.676998138427734,16777216,1.0,68719476736,3887.508286071031,3887.508286071031,2.1888221831228325,8,32,32,1.0,,,
compute,divergence-gpu,gpu,divergent,16777216,128,4,512,34.297977447509766,16777216,1.0,68719476736,2003.6014322176727,2003.6014322176727,4.246884753025902,8,32,32,1.0,,,
compute,divergence-gpu,gpu,divergent,16777216,128,8,512,67.65262145996094,16777216,1.0,68719476736,1015.7696073413867,1015.7696073413867,8.376962957079607,8,32,32,1.0,,,
compute,divergence-gpu,gpu,divergent,16777216,128,16,512,134.1749725341797,16777216,1.0,68719476736,512.1631511308447,512.1631511308447,16.613972236851232,8,32,32,1.0,,,
compute,divergence-gpu,gpu,divergent,16777216,128,32,512,267.1665893554688,16777216,1.0,68719476736,257.21583264503107,257.21583264503107,33.081417602193135,8,32,32,1.0,,,
compute,uniform,gpu,uniform,16777216,256,1,512,8.060768127441406,16777216,1.0,68719476736,8525.177210104475,8525.177210104475,1.0,4,32,32,1.0,,,
compute,divergence-gpu,gpu,divergent,16777216,256,2,512,17.870029067993165,16777216,1.0,68719476736,3845.515666176659,3845.515666176659,2.216913920046643,4,32,32,1.0,,,
compute,divergence-gpu,gpu,divergent,16777216,256,4,512,34.262098693847655,16777216,1.0,68719476736,2005.6995734572367,2005.6995734572367,4.25047565593763,4,32,32,1.0,,,
compute,divergence-gpu,gpu,divergent,16777216,256,8,512,67.37960357666016,16777216,1.0,68719476736,1019.8854414127774,1019.8854414127774,8.35895568652802,4,32,32,1.0,,,
compute,divergence-gpu,gpu,divergent,16777216,256,16,512,133.63648376464843,16777216,1.0,68719476736,514.2269146876396,514.2269146876396,16.578628941044407,4,32,32,1.0,,,
compute,divergence-gpu,gpu,divergent,16777216,256,32,512,266.3145751953125,16777216,1.0,68719476736,258.03873740519765,258.03873740519765,33.03836197554094,4,32,32,1.0,,,
compute,uniform,gpu,uniform,16777216,512,1,512,8.076992225646972,16777216,1.0,68719476736,8508.052851381262,8508.052851381262,1.0,2,32,32,1.0,,,
compute,divergence-gpu,gpu,divergent,16777216,512,2,512,17.511193466186523,16777216,1.0,68719476736,3924.317144270881,3924.317144270881,2.1680339632596173,2,32,32,1.0,,,
compute,divergence-gpu,gpu,divergent,16777216,512,4,512,33.82739944458008,16777216,1.0,68719476736,2031.4738308093742,2031.4738308093742,4.188118361333508,2,32,32,1.0,,,
compute,divergence-gpu,gpu,divergent,16777216,512,8,512,66.36061401367188,16777216,1.0,68719476736,1035.5461256256933,1035.5461256256933,8.216005681292623,2,32,32,1.0,,,
compute,divergence-gpu,gpu,divergent,16777216,512,16,512,131.90602111816406,16777216,1.0,68719476736,520.9730090671123,520.9730090671123,16.331081847438366,2,32,32,1.0,,,
compute,divergence-gpu,gpu,divergent,16777216,512,32,512,262.4977783203125,16777216,1.0,68719476736,261.7906984802941,261.7906984802941,32.49944669833903,2,32,32,1.0,,,
compute,uniform,gpu,uniform,16777216,1024,1,512,8.182444763183593,16777216,1.0,68719476736,8398.403988646407,8398.403988646407,1.0,1,32,32,1.0,,,
compute,divergence-gpu,gpu,divergent,16777216,1024,2,512,17.796902465820313,16777216,1.0,68719476736,3861.3167020484943,3861.3167020484943,2.175010401035199,1,32,32,1.0,,,
compute,divergence-gpu,gpu,divergent,16777216,1024,4,512,34.16095886230469,16777216,1.0,68719476736,2011.63781769104,2011.63781769104,4.174908581847056,1,32,32,1.0,,,
compute,divergence-gpu,gpu,divergent,16777216,1024,8,512,66.76310272216797,16777216,1.0,68719476736,1029.303221900477,1029.303221900477,8.159309919519952,1,32,32,1.0,,,
compute,divergence-gpu,gpu,divergent,16777216,1024,16,512,131.9424560546875,16777216,1.0,68719476736,520.8291462114147,520.8291462114147,16.125065292020604,1,32,32,1.0,,,
compute,divergence-gpu,gpu,divergent,16777216,1024,32,512,262.39418334960936,16777216,1.0,68719476736,261.8940551911526,261.8940551911526,32.067944354508306,1,32,32,1.0,,,
compute,uniform,gpu,uniform,33554432,32,1,512,16.128921508789062,33554432,1.0,137438953472,8521.273626206563,8521.273626206563,1.0,16,16,32,0.5,,,
compute,divergence-gpu,gpu,divergent,33554432,32,2,512,35.80068435668945,33554432,1.0,137438953472,3839.0035258172143,3839.0035258172143,2.219657671294435,16,16,32,0.5,,,
compute,divergence-gpu,gpu,divergent,33554432,32,4,512,69.11564331054687,33554432,1.0,137438953472,1988.5361242239521,1988.5361242239521,4.285199309382465,16,16,32,0.5,,,
compute,divergence-gpu,gpu,divergent,33554432,32,8,512,135.33853759765626,33554432,1.0,137438953472,1015.5197175292967,1015.5197175292967,8.391046947801613,16,16,32,0.5,,,
compute,divergence-gpu,gpu,divergent,33554432,32,16,512,268.35263671875,33554432,1.0,137438953472,512.158013994267,512.158013994267,16.637977720489108,16,16,32,0.5,,,
compute,divergence-gpu,gpu,divergent,33554432,32,32,512,534.5388916015625,33554432,1.0,137438953472,257.1168452499524,257.1168452499524,33.14163884487122,16,16,32,0.5,,,
compute,uniform,gpu,uniform,33554432,64,1,512,16.042848205566408,33554432,1.0,137438953472,8566.992077149533,8566.992077149533,1.0,16,32,32,1.0,,,
compute,divergence-gpu,gpu,divergent,33554432,64,2,512,35.64236907958984,33554432,1.0,137438953472,3856.0555041977473,3856.0555041977473,2.2216983308003226,16,32,32,1.0,,,
compute,divergence-gpu,gpu,divergent,33554432,64,4,512,68.90469055175781,33554432,1.0,137438953472,1994.6240578319212,1994.6240578319212,4.29504098454599,16,32,32,1.0,,,
compute,divergence-gpu,gpu,divergent,33554432,64,8,512,136.21694946289062,33554432,1.0,137438953472,1008.9710128873668,1008.9710128873668,8.490820814201014,16,32,32,1.0,,,
compute,divergence-gpu,gpu,divergent,33554432,64,16,512,270.15272216796876,33554432,1.0,137438953472,508.7453954528234,508.7453954528234,16.839448875059077,16,32,32,1.0,,,
compute,divergence-gpu,gpu,divergent,33554432,64,32,512,538.6091552734375,33554432,1.0,137438953472,255.17381597835242,255.17381597835242,33.57316284315123,16,32,32,1.0,,,
compute,uniform,gpu,uniform,33554432,128,1,512,16.1731014251709,33554432,1.0,137438953472,8497.996139324137,8497.996139324137,1.0,8,32,32,1.0,,,
compute,divergence-gpu,gpu,divergent,33554432,128,2,512,35.39517440795898,33554432,1.0,137438953472,3882.9856264557743,3882.9856264557743,2.188521142449026,8,32,32,1.0,,,
compute,divergence-gpu,gpu,divergent,33554432,128,4,512,69.05692749023437,33554432,1.0,137438953472,1990.2268818929979,1990.2268818929979,4.2698630073980794,8,32,32,1.0,,,
compute,divergence-gpu,gpu,divergent,33554432,128,8,512,136.22010803222656,33554432,1.0,137438953472,1008.9476176269446,1008.9476176269446,8.422633634153886,8,32,32,1.0,,,
compute,divergence-gpu,gpu,divergent,33554432,128,16,512,270.1396240234375,33554432,1.0,137438953472,508.7700627734482,508.7700627734482,16.70301922443938,8,32,32,1.0,,,
compute,divergence-gpu,gpu,divergent,33554432,128,32,512,538.4105834960938,33554432,1.0,137438953472,255.26792690358985,255.26792690358985,33.2904969394517,8,32,32,1.0,,,
compute,uniform,gpu,uniform,33554432,256,1,512,16.15267219543457,33554432,1.0,137438953472,8508.74405232133,8508.74405232133,1.0,4,32,32,1.0,,,
compute,divergence-gpu,gpu,divergent,33554432,256,2,512,35.73255081176758,33554432,1.0,137438953472,3846.323599902028,3846.323599902028,2.212175817068034,4,32,32,1.0,,,
compute,divergence-gpu,gpu,divergent,33554432,256,4,512,69.00345764160156,33554432,1.0,137438953472,1991.7690818603169,1991.7690818603169,4.27195307418576,4,32,32,1.0,,,
compute,divergence-gpu,gpu,divergent,33554432,256,8,512,135.63514099121093,33554432,1.0,137438953472,1013.2990054613203,1013.2990054613203,8.397071354518491,4,32,32,1.0,,,
compute,divergence-gpu,gpu,divergent,33554432,256,16,512,269.11281127929686,33554432,1.0,137438953472,510.7112991709634,510.7112991709634,16.66057529201636,4,32,32,1.0,,,
compute,divergence-gpu,gpu,divergent,33554432,256,32,512,536.3951782226562,33554432,1.0,137438953472,256.22704873560485,256.22704873560485,33.2078291277566,4,32,32,1.0,,,
compute,uniform,gpu,uniform,33554432,512,1,512,16.181151962280275,33554432,1.0,137438953472,8493.768168816572,8493.768168816572,1.0,2,32,32,1.0,,,
compute,divergence-gpu,gpu,divergent,33554432,512,2,512,35.32376403808594,33554432,1.0,137438953472,3890.8354535437925,3890.8354535437925,2.183019115105576,2,32,32,1.0,,,
compute,divergence-gpu,gpu,divergent,33554432,512,4,512,67.91734924316407,33554432,1.0,137438953472,2023.6206949115187,2023.6206949115187,4.197312366973967,2,32,32,1.0,,,
compute,divergence-gpu,gpu,divergent,33554432,512,8,512,133.78277893066405,33554432,1.0,137438953472,1027.3291866902453,1027.3291866902453,8.267815495616368,2,32,32,1.0,,,
compute,divergence-gpu,gpu,divergent,33554432,512,16,512,265.59605102539064,33554432,1.0,137438953472,517.4736331409574,517.4736331409574,16.41391488347177,2,32,32,1.0,,,
compute,divergence-gpu,gpu,divergent,33554432,512,32,512,529.1691040039062,33554432,1.0,137438953472,259.7259598719608,259.7259598719608,32.70280788645006,2,32,32,1.0,,,
compute,uniform,gpu,uniform,33554432,1024,1,512,16.367084884643553,33554432,1.0,137438953472,8397.277489588409,8397.277489588409,1.0,1,32,32,1.0,,,
compute,divergence-gpu,gpu,divergent,33554432,1024,2,512,35.69989776611328,33554432,1.0,137438953472,3849.841654237411,3849.841654237411,2.1812007463594676,1,32,32,1.0,,,
compute,divergence-gpu,gpu,divergent,33554432,1024,4,512,68.47398376464844,33554432,1.0,137438953472,2007.1704013073152,2007.1704013073152,4.183639557517923,1,32,32,1.0,,,
compute,divergence-gpu,gpu,divergent,33554432,1024,8,512,134.40448608398438,33554432,1.0,137438953472,1022.5771287583324,1022.5771287583324,8.211876887746188,1,32,32,1.0,,,
compute,divergence-gpu,gpu,divergent,33554432,1024,16,512,265.5605224609375,33554432,1.0,137438953472,517.5428644226158,517.5428644226158,16.225279231618096,1,32,32,1.0,,,
compute,divergence-gpu,gpu,divergent,33554432,1024,32,512,528.193408203125,33554432,1.0,137438953472,260.2057339934574,260.2057339934574,32.271685026739455,1,32,32,1.0,,,
compute,uniform,gpu,uniform,67108864,32,1,512,32.361593627929686,67108864,1.0,274877906944,8493.954596437627,8493.954596437627,1.0,16,16,32,0.5,,,
compute,divergence-gpu,gpu,divergent,67108864,32,2,512,72.42938232421875,67108864,1.0,274877906944,3795.1159891651737,3795.1159891651737,2.2381277991732937,16,16,32,0.5,,,
compute,divergence-gpu,gpu,divergent,67108864,32,4,512,139.19766235351562,67108864,1.0,274877906944,1974.7307698738632,1974.7307698738632,4.301322856776158,16,16,32,0.5,,,
compute,divergence-gpu,gpu,divergent,67108864,32,8,512,272.8820556640625,67108864,1.0,274877906944,1007.3139704077668,1007.3139704077668,8.432281141697283,16,16,32,0.5,,,
compute,divergence-gpu,gpu,divergent,67108864,32,16,512,540.9344482421875,67108864,1.0,274877906944,508.15382129431606,508.15382129431606,16.71532170082421,16,16,32,0.5,,,
compute,divergence-gpu,gpu,divergent,67108864,32,32,512,1077.192626953125,67108864,1.0,274877906944,255.17990010895386,255.17990010895386,33.28614280674526,16,16,32,0.5,,,
compute,uniform,gpu,uniform,67108864,64,1,512,32.390771484375,67108864,1.0,274877906944,8486.303176711875,8486.303176711875,1.0,16,32,32,1.0,,,
compute,divergence-gpu,gpu,divergent,67108864,64,2,512,71.36770629882812,67108864,1.0,274877906944,3851.5726677979774,3851.5726677979774,2.2033345619216025,16,32,32,1.0,,,
compute,divergence-gpu,gpu,divergent,67108864,64,4,512,138.91240539550782,67108864,1.0,274877906944,1978.78588425112,1978.78588425112,4.288641456487625,16,32,32,1.0,,,
compute,divergence-gpu,gpu,divergent,67108864,64,8,512,274.2503356933594,67108864,1.0,274877906944,1002.2883153417259,1002.2883153417259,8.466928175071567,16,32,32,1.0,,,
compute,divergence-gpu,gpu,divergent,67108864,64,16,512,544.3751098632813,67108864,1.0,274877906944,504.94209225149,504.94209225149,16.806487925916883,16,32,32,1.0,,,
compute,divergence-gpu,gpu,divergent,67108864,64,32,512,1085.2731689453126,67108864,1.0,274877906944,253.27992510045297,253.27992510045297,33.50562889398414,16,32,32,1.0,,,
compute,uniform,gpu,uniform,67108864,128,1,512,32.46200408935547,67108864,1.0,274877906944,8467.681360256329,8467.681360256329,1.0,8,32,32,1.0,,,
compute,divergence-gpu,gpu,divergent,67108864,128,2,512,71.3205322265625,67108864,1.0,274877906944,3854.1202422719,3854.1202422719,2.1970464925777344,8,32,32,1.0,,,
compute,divergence-gpu,gpu,divergent,67108864,128,4,512,138.91439208984374,67108864,1.0,274877906944,1978.7575845001072,1978.7575845001072,4.27929192872583,8,32,32,1.0,,,
compute,divergence-gpu,gpu,divergent,67108864,128,8,512,274.20819702148435,67108864,1.0,274877906944,1002.442341001437,1002.442341001437,8.447050781790741,8,32,32,1.0,,,
compute,divergence-gpu,gpu,divergent,67108864,128,16,512,544.3244750976562,67108864,1.0,274877906944,504.9890635446526,504.9890635446526,16.768048996585033,8,32,32,1.0,,,
compute,divergence-gpu,gpu,divergent,67108864,128,32,512,1085.0807373046875,67108864,1.0,274877906944,253.3248425612914,253.3248425612914,33.426178319671074,8,32,32,1.0,,,
compute,uniform,gpu,uniform,67108864,256,1,512,32.5722297668457,67108864,1.0,274877906944,8439.02640106604,8439.02640106604,1.0,4,32,32,1.0,,,
compute,divergence-gpu,gpu,divergent,67108864,256,2,512,71.81940460205078,67108864,1.0,274877906944,3827.348729317521,3827.348729317521,2.204927483200846,4,32,32,1.0,,,
compute,divergence-gpu,gpu,divergent,67108864,256,4,512,139.02633361816407,67108864,1.0,274877906944,1977.1643241269123,1977.1643241269123,4.268247357129809,4,32,32,1.0,,,
compute,divergence-gpu,gpu,divergent,67108864,256,8,512,273.34136352539065,67108864,1.0,274877906944,1005.621335164177,1005.621335164177,8.391852982801216,4,32,32,1.0,,,
compute,divergence-gpu,gpu,divergent,67108864,256,16,512,542.36865234375,67108864,1.0,274877906944,506.81009264854055,506.81009264854055,16.651259561474998,4,32,32,1.0,,,
compute,divergence-gpu,gpu,divergent,67108864,256,32,512,1081.162451171875,67108864,1.0,274877906944,254.24292773584492,254.24292773584492,33.19276754802823,4,32,32,1.0,,,
compute,uniform,gpu,uniform,67108864,512,1,512,32.51259536743164,67108864,1.0,274877906944,8454.505210597532,8454.505210597532,1.0,2,32,32,1.0,,,
compute,divergence-gpu,gpu,divergent,67108864,512,2,512,70.83816375732422,67108864,1.0,274877906944,3880.364656058428,3880.364656058428,2.1787914178110763,2,32,32,1.0,,,
compute,divergence-gpu,gpu,divergent,67108864,512,4,512,136.9722686767578,67108864,1.0,274877906944,2006.814296057891,2006.814296057891,4.212898636014921,2,32,32,1.0,,,
compute,divergence-gpu,gpu,divergent,67108864,512,8,512,269.7747436523438,67108864,1.0,274877906944,1018.9163863991383,1018.9163863991383,8.29754563127191,2,32,32,1.0,,,
compute,divergence-gpu,gpu,divergent,67108864,512,16,512,534.9176635742188,67108864,1.0,274877906944,513.8695647238825,513.8695647238825,16.45262882058483,2,32,32,1.0,,,
compute,divergence-gpu,gpu,divergent,67108864,512,32,512,1066.137548828125,67108864,1.0,274877906944,257.8259317910149,257.8259317910149,32.79152392417405,2,32,32,1.0,,,
compute,uniform,gpu,uniform,67108864,1024,1,512,32.955648040771486,67108864,1.0,274877906944,8340.84362728754,8340.84362728754,1.0,1,32,32,1.0,,,
compute,divergence-gpu,gpu,divergent,67108864,1024,2,512,71.8415756225586,67108864,1.0,274877906944,3826.167571660094,3826.167571660094,2.1799472895716967,1,32,32,1.0,,,
compute,divergence-gpu,gpu,divergent,67108864,1024,4,512,138.17750244140626,67108864,1.0,274877906944,1989.3101415735975,1989.3101415735975,4.192832204982231,1,32,32,1.0,,,
compute,divergence-gpu,gpu,divergent,67108864,1024,8,512,270.4883666992188,67108864,1.0,274877906944,1016.2282034467767,1016.2282034467767,8.207648241800033,1,32,32,1.0,,,
compute,divergence-gpu,gpu,divergent,67108864,1024,16,512,535.22734375,67108864,1.0,274877906944,513.5722420646599,513.5722420646599,16.240838082984652,1,32,32,1.0,,,
compute,divergence-gpu,gpu,divergent,67108864,1024,32,512,1064.4368408203125,67108864,1.0,274877906944,258.2378741534014,258.2378741534014,32.29907175557377,1,32,32,1.0,,,
compute,uniform,gpu,uniform,134217728,32,1,512,64.79599304199219,134217728,1.0,549755813888,8484.410656870728,8484.410656870728,1.0,16,16,32,0.5,,,
compute,divergence-gpu,gpu,divergent,134217728,32,2,512,145.2565185546875,134217728,1.0,549755813888,3784.723875789595,3784.723875789595,2.241751561096555,16,16,32,0.5,,,
compute,divergence-gpu,gpu,divergent,134217728,32,4,512,280.13019409179685,134217728,1.0,549755813888,1962.5010994275347,1962.5010994275347,4.323264154779657,16,16,32,0.5,,,
compute,divergence-gpu,gpu,divergent,134217728,32,8,512,550.275537109375,134217728,1.0,549755813888,999.055521849826,999.055521849826,8.49243157293321,16,16,32,0.5,,,
compute,divergence-gpu,gpu,divergent,134217728,32,16,512,1090.5409912109376,134217728,1.0,549755813888,504.1129295631068,504.1129295631068,16.83037700346985,16,16,32,0.5,,,
compute,divergence-gpu,gpu,divergent,134217728,32,32,512,2171.54052734375,134217728,1.0,549755813888,253.16396676255764,253.16396676255764,33.513500224256845,16,16,32,0.5,,,
compute,uniform,gpu,uniform,134217728,64,1,512,64.93258361816406,134217728,1.0,549755813888,8466.563060555822,8466.563060555822,1.0,16,32,32,1.0,,,
compute,divergence-gpu,gpu,divergent,134217728,64,2,512,142.5026641845703,134217728,1.0,549755813888,3857.8634093181095,3857.8634093181095,2.194624890063777,16,32,32,1.0,,,
compute,divergence-gpu,gpu,divergent,134217728,64,4,512,277.75474853515624,134217728,1.0,549755813888,1979.2850231628559,1979.2850231628559,4.27758658377884,16,32,32,1.0,,,
compute,divergence-gpu,gpu,divergent,134217728,64,8,512,548.287744140625,134217728,1.0,549755813888,1002.6775534617796,1002.6775534617796,8.443953922499528,16,32,32,1.0,,,
compute,divergence-gpu,gpu,divergent,134217728,64,16,512,1088.5851318359375,134217728,1.0,549755813888,505.0186685544907,505.0186685544907,16.764851653483564,16,32,32,1.0,,,
compute,divergence-gpu,gpu,divergent,134217728,64,32,512,2204.240283203125,134217728,1.0,549755813888,249.40829639911763,249.40829639911763,33.946597538227586,16,32,32,1.0,,,
compute,uniform,gpu,uniform,134217728,128,1,512,65.30771331787109,134217728,1.0,549755813888,8417.930837850394,8417.930837850394,1.0,8,32,32,1.0,,,
compute,divergence-gpu,gpu,divergent,134217728,128,2,512,142.43658447265625,134217728,1.0,549755813888,3859.653163710461,3859.653163710461,2.181007070012958,8,32,32,1.0,,,
compute,divergence-gpu,gpu,divergent,134217728,128,4,512,278.1263916015625,134217728,1.0,549755813888,1976.640227208526,1976.640227208526,4.258706628539309,8,32,32,1.0,,,
compute,divergence-gpu,gpu,divergent,134217728,128,8,512,548.6880981445313,134217728,1.0,549755813888,1001.9459429630045,1001.9459429630045,8.401581838793089,8,32,32,1.0,,,
compute,divergence-gpu,gpu,divergent,134217728,128,16,512,1090.691943359375,134217728,1.0,549755813888,504.04316015641405,504.04316015641405,16.70081354786791,8,32,32,1.0,,,
compute,divergence-gpu,gpu,divergent,134217728,128,32,512,2173.9716796875,134217728,1.0,549755813888,252.88085352014582,252.88085352014582,33.28813044036875,8,32,32,1.0,,,
compute,uniform,gpu,uniform,134217728,256,1,512,65.02684173583984,134217728,1.0,549755813888,8454.290554680278,8454.290554680278,1.0,4,32,32,1.0,,,
compute,divergence-gpu,gpu,divergent,134217728,256,2,512,143.5921661376953,134217728,1.0,549755813888,3828.5919676204403,3828.5919676204403,2.208198373235061,4,32,32,1.0,,,
compute,divergence-gpu,gpu,divergent,134217728,256,4,512,278.58502197265625,134217728,1.0,549755813888,1973.3861138520208,1973.3861138520208,4.28415427438963,4,32,32,1.0,,,
compute,divergence-gpu,gpu,divergent,134217728,256,8,512,547.7799438476562,134217728,1.0,549755813888,1003.6070507190625,1003.6070507190625,8.423905101725783,4,32,32,1.0,,,
compute,divergence-gpu,gpu,divergent,134217728,256,16,512,1086.9067626953124,134217728,1.0,549755813888,505.7985033828615,505.7985033828615,16.714740154699207,4,32,32,1.0,,,
compute,divergence-gpu,gpu,divergent,134217728,256,32,512,2166.869580078125,134217728,1.0,549755813888,253.70969205639912,253.70969205639912,33.322694478699326,4,32,32,1.0,,,
compute,uniform,gpu,uniform,134217728,512,1,512,65.0483901977539,134217728,1.0,549755813888,8451.489917224466,8451.489917224466,1.0,2,32,32,1.0,,,
compute,divergence-gpu,gpu,divergent,134217728,512,2,512,141.95475158691406,134217728,1.0,549755813888,3872.7538722182417,3872.7538722182417,2.182294614138133,2,32,32,1.0,,,
compute,divergence-gpu,gpu,divergent,134217728,512,4,512,274.65325927734375,134217728,1.0,549755813888,2001.6358638324361,2001.6358638324361,4.222291411707025,2,32,32,1.0,,,
compute,divergence-gpu,gpu,divergent,134217728,512,8,512,540.0289794921875,134217728,1.0,549755813888,1018.0116896781336,1018.0116896781336,8.301957632624621,2,32,32,1.0,,,
compute,divergence-gpu,gpu,divergent,134217728,512,16,512,1072.269580078125,134217728,1.0,549755813888,512.7029844938295,512.7029844938295,16.48418318759793,2,32,32,1.0,,,
compute,divergence-gpu,gpu,divergent,134217728,512,32,512,2136.803466796875,134217728,1.0,549755813888,257.27954041187445,257.27954041187445,32.84944424144501,2,32,32,1.0,,,
compute,uniform,gpu,uniform,134217728,1024,1,512,65.9965316772461,134217728,1.0,549755813888,8330.071291875807,8330.071291875807,1.0,1,32,32,1.0,,,
compute,divergence-gpu,gpu,divergent,134217728,1024,2,512,143.70060119628906,134217728,1.0,549755813888,3825.7029498231286,3825.7029498231286,2.1773962592315033,1,32,32,1.0,,,
compute,divergence-gpu,gpu,divergent,134217728,1024,4,512,276.2344970703125,134217728,1.0,549755813888,1990.1779818183447,1990.1779818183447,4.185591121988476,1,32,32,1.0,,,
compute,divergence-gpu,gpu,divergent,134217728,1024,8,512,542.0434936523437,134217728,1.0,549755813888,1014.2282313614538,1014.2282313614538,8.213211813966073,1,32,32,1.0,,,
compute,divergence-gpu,gpu,divergent,134217728,1024,16,512,1071.9842529296875,134217728,1.0,549755813888,512.8394492601367,512.8394492601367,16.243039227761116,1,32,32,1.0,,,
compute,divergence-gpu,gpu,divergent,134217728,1024,32,512,2132.959228515625,134217728,1.0,549755813888,257.7432360348433,257.7432360348433,32.31926245680293,1,32,32,1.0,,,
compute,uniform,cpu,uniform,65536,0,1,512,89.88441983237863,65536,1.0,268435456,2.9864514506584463,2.9864514506584463,1.0,,,,,,,
compute,divergence-cpu,cpu,divergent,65536,0,2,512,114.95525995269418,65536,1.0,268435456,2.335129824511425,2.335129824511425,1.278923089975649,,,,,,,
compute,divergence-cpu,cpu,divergent,65536,0,4,512,113.45552019774914,65536,1.0,268435456,2.3659973135914947,2.3659973135914947,1.262237887381675,,,,,,,
compute,divergence-cpu,cpu,divergent,65536,0,8,512,117.10194004699588,65536,1.0,268435456,2.292322876053721,2.292322876053721,1.3028057617257136,,,,,,,
compute,divergence-cpu,cpu,divergent,65536,0,16,512,111.37456009164453,65536,1.0,268435456,2.4102044109455334,2.4102044109455334,1.2390863766973397,,,,,,,
compute,divergence-cpu,cpu,divergent,65536,0,32,512,115.10839993134141,65536,1.0,268435456,2.332023172593081,2.332023172593081,1.2806268332821398,,,,,,,
compute,uniform,cpu,uniform,262144,0,1,512,358.6202001199126,262144,1.0,1073741824,2.994091865547369,2.994091865547369,1.0,,,,,,,
compute,divergence-cpu,cpu,divergent,262144,0,2,512,457.9837598837912,262144,1.0,1073741824,2.344497595880804,2.344497595880804,1.2770718429431867,,,,,,,
compute,divergence-cpu,cpu,divergent,262144,0,4,512,460.8150399290025,262144,1.0,1073741824,2.330092837606669,2.330092837606669,1.284966769230843,,,,,,,
compute,divergence-cpu,cpu,divergent,262144,0,8,512,454.87051997333765,262144,1.0,1073741824,2.360543884142981,2.360543884142981,1.2683906813426618,,,,,,,
compute,divergence-cpu,cpu,divergent,262144,0,16,512,455.9892000630498,262144,1.0,1073741824,2.3547527525904854,2.3547527525904854,1.2715100820048053,,,,,,,
compute,divergence-cpu,cpu,divergent,262144,0,32,512,453.97570012137294,262144,1.0,1073741824,2.365196691613514,2.365196691613514,1.2658955071955682,,,,,,,
compute,uniform,cpu,uniform,1048576,0,1,512,1434.3660200946033,1048576,1.0,4294967296,2.994331457821851,2.994331457821851,1.0,,,,,,,
compute,divergence-cpu,cpu,divergent,1048576,0,2,512,1831.5485801547766,1048576,1.0,4294967296,2.3449922882400696,2.3449922882400696,1.2769046076774582,,,,,,,
compute,divergence-cpu,cpu,divergent,1048576,0,4,512,1824.0250999107957,1048576,1.0,4294967296,2.35466458011463,2.35466458011463,1.2716594470011864,,,,,,,
compute,divergence-cpu,cpu,divergent,1048576,0,8,512,1823.0265599675477,1048576,1.0,4294967296,2.355954318118358,2.355954318118358,1.2709632927914105,,,,,,,
compute,divergence-cpu,cpu,divergent,1048576,0,16,512,1824.3624798953533,1048576,1.0,4294967296,2.3542291311792174,2.3542291311792174,1.2718946589204811,,,,,,,
compute,divergence-cpu,cpu,divergent,1048576,0,32,512,1823.6641599796712,1048576,1.0,4294967296,2.355130615742252,2.355130615742252,1.2714078097439814,,,,,,,
